Name,Area,Rating,Price,Cuisine
East Coast At Madras Square,Neelangarai,4.6,"₹1,700 for two","Italian, Continental, North Indian, Asian, Chinese, Desserts, Beverages"
Goldman’s Steakhouse,Nungambakkam,2.3,"₹1,000 for two","American, Mexican, Beverages"
Soy Soi,Kotturpuram,4.7,"₹1,400 for two","Chinese, Asian, Desserts, Beverages"
The Mayflower,Teynampet,4.4,"₹1,500 for two","Italian, Asian, Continental, European, Mediterranean, Healthy Food, Desserts, American"
Amelie's,Alwarpet,4.2,₹900 for two,"Fast Food, Continental, Italian, Desserts, Beverages, Shake"
Fromage,MRC Nagar,4.5,"₹1,000 for two","Cafe, Italian, French, European, American, Beverages"
Bay 6,Akkarai,3.9,"₹1,500 for two","Continental, Asian, North Indian, Thai"
The Thief,Nungambakkam,4.2,"₹1,800 for two","North Indian, Continental, Italian, Asian, Desserts, Beverages"
Sage and Lavender Bistro,Alwarpet,3,"₹1,000 for two","Continental, European, Asian"
The Living Room,Anna Nagar East,3.8,"₹1,800 for two","North Indian, South Indian, Italian, Fast Food"
Coal Barbecues,T. Nagar,4.3,"₹1,400 for two","North Indian, Chinese, Desserts"
27 Culinary Street,Mylapore,4.3,₹800 for two,"Chinese, Street Food, Fast Food, North Indian, Sichuan"
SpiceKlub,Nungambakkam,4.6,"₹1,500 for two","North Indian, Desserts, Beverages"
Wild Garden Cafe - Amethyst,Royapettah,4.3,"₹1,400 for two","Cafe, Continental, Chinese, Italian, Desserts, Shake, Beverages"
Barracuda Brew,Nungambakkam,3.6,"₹2,200 for two","North Indian, Continental, Chinese, Italian, Desserts"
Ministry Of Drinks - MOD,Nandanam,4.2,"₹1,500 for two","Finger Food, Italian, Chinese, North Indian"
Nasi And Mee,Nungambakkam,4.7,"₹1,200 for two","Asian, Japanese, Singaporean, Malaysian, Thai"
Dhaba - Estd 1986 Delhi,Ispahani Centre Nungambakkam,4.4,"₹2,000 for two","Mughlai, North Indian, Desserts, Beverages"
Purple Chameleon,Velachery,2.8,"₹1,500 for two","Bar Food, Beverages"
Trella,Jaag Hotels T.Nagar,3.8,"₹2,000 for two","Continental, Asian, Beverages, Desserts, Bar Food, Salad, Mexican, Italian"
Cafe De Bangkok,Nandanam,4.3,₹600 for two,"Continental, Thai, Asian, Italian, Beverages, Sichuan"
Hamsa,Adyar,4.6,"₹1,500 for two","North Indian, Desserts, Beverages"
10 Downing Street,T. Nagar,4.1,"₹1,500 for two","Finger Food, North Indian, Chinese, Continental"
Mount Road Social,E Hotel Royapettah,4.2,"₹1,500 for two","North Indian, Chinese, Biryani, Pizza, Pasta, Burger, Kebab, Rolls"
MKC - Madras Kitchen Company,The Westin Velachery,4.5,"₹1,200 for two","Cafe, Asian, North Indian, Desserts, Beverages"
Cafe De Paris,Foodies Kitchen,4.4,₹900 for two,"Continental, American, Italian, Bakery, Desserts, Beverages"
Locofeast,Nungambakkam,4.1,₹800 for two,"North Indian, Continental, Seafood, Fast Food, Beverages, Shake, Sichuan"
Hub at ECR,Injambakkam,4.3,"₹2,000 for two","Continental, North Indian, Italian, Pizza, Kebab, Seafood"
The Mayflower,Palavakkam,4.2,₹700 for two,"Continental, Asian, American, Mexican, Desserts"
The Bark,Alwarpet,4.3,"₹1,000 for two","Cafe, Mexican, Italian, Continental, Beverages, Coffee, Fast Food, Shake"
J.Hind - Grand By GRT Hotels,Grand by GRT Hotels,4.7,"₹2,500 for two","North Indian, Mughlai, South Indian, Beverages"
Toscano,Nungambakkam,4.5,"₹1,200 for two","Italian, Continental, Healthy Food, Desserts, Beverages, Shake"
Les Amis,Alwarpet,3.9,₹500 for two,"Desserts, Ice Cream, Continental, Waffle, Beverages, Healthy Food, Juices, Cafe"
Off The Record,Nungambakkam,4.3,"₹1,500 for two","European, Continental, North Indian"
Far East,Nungambakkam,4.2,₹600 for two,"Japanese, Sushi, Malaysian, Singaporean, Thai, Chinese, Sichuan"
Pantry d'or,Anna Nagar East,4.4,₹750 for two,"Continental, American, Italian, Desserts, Beverages, Shake, Waffle, Fast Food"
Mezze,Alwarpet,4.8,"₹1,000 for two","Middle Eastern, Continental, Beverages, Fast Food"
The Cycle Gap,Adyar,4.4,"₹1,500 for two","North Indian, Finger Food, Continental, Asian, Beverages, Desserts"
Tea Villa Cafe,T. Nagar,4.3,"₹1,000 for two","Continental, North Indian, Italian, Chinese, Fast Food, Desserts, Beverages, Sichuan"
Watson's,T. Nagar,4.2,"₹1,000 for two","Asian, Continental, Finger Food, North Indian"
Bazaar - All Day Diner - Grand by GRT Hotels,Grand by GRT Hotels,4.4,"₹2,500 for two","North Indian, South Indian, Continental, Asian, Beverages, Desserts"
Pumpkin Tales,Abhiramapuram,4.5,"₹1,800 for two","Singaporean, Thai, Continental, Bakery, Desserts"
Nght Mrkt,Nungambakkam,3.6,₹800 for two,"Italian, Asian, North Indian, South Indian, Arabian, Momos"
The Tap House Restobar,T. Nagar,4.1,"₹1,200 for two","Chinese, North Indian, Fast Food, Beverages, Finger Food"
Aeseo,RA Puram,3.8,"₹2,600 for two",Korean
Fika,Adyar,3.6,"₹1,000 for two","Continental, Pasta, Pizza, Fast Food, Desserts, Beverages"
Chamiers Cafe,RA Puram,4.3,"₹1,000 for two","Cafe, Fast Food, Continental, Italian, Beverages"
The Greenhouse Barbecue,Kilpauk,4.3,"₹1,200 for two","BBQ, North Indian, Beverages"
Bread & Chocolate,Alwarpet,4,₹800 for two,"Bakery, Desserts, Fast Food, Beverages"
Cafe CakeBee,Alwarpet,4.5,₹650 for two,"Cafe, Italian, Bakery, Desserts, Beverages, Shake"
Annalakshmi Restaurant,Chetpet,4.1,"₹2,000 for two","North Indian, South Indian"
Asvah 24,Neelangarai,4.2,"₹1,700 for two","French, Italian, Continental"
Dank,T. Nagar,4.3,"₹2,000 for two","Continental, North Indian, Italian, Beverages, Desserts, Salad"
Koox,Novotel Nandanam,4.1,"₹4,000 for two","Japanese, Sushi, Sichuan"
The Republik,Adyar,4.1,"₹1,500 for two","Charcoal Chicken, South Indian, North Indian, Continental, Beverages"
Grill Box - Unlimited BBQ,Mylapore,4.4,"₹1,200 for two","North Indian, South Indian, Fast Food, BBQ, Desserts"
Crazy Ivan Resto Lounge,Thuraipakkam,4.3,"₹1,500 for two","North Indian, Chinese, Continental"
Sin & Tonic,T. Nagar,4.4,"₹1,500 for two","North Indian, Italian, BBQ, Wraps, Pizza, Desserts, Bar Food"
Royal Indianaa - The Accord Metropolitan,The Accord Metropolitan T. Nagar,4.5,"₹2,500 for two","South Indian, North Indian"
Madras Pavilion - ITC Grand Chola,ITC Grand Chola Guindy,4.5,"₹4,000 for two","North Indian, Chinese, Continental"
The Reef - Sheraton Grand,Sheraton Grand Neelangarai,4.4,"₹1,600 for two","North Indian, American, Continental, Beverages"
Patissez,Phoenix Market City Velachery,4.3,₹900 for two,"Cafe, Continental, European, Italian"
KoKoMMo,InterContinental Mahabalipuram Resort East Coast Road (ECR),3.9,"₹1,500 for two",Continental
Broken Bridge Cafe,Somerset Greenways,4.4,"₹1,200 for two","Cafe, North Indian, Continental, Beverages, Pizza, Shake"
Bayroot,Palavakkam,3.7,"₹1,800 for two","Mediterranean, Middle Eastern, Continental, Salad"
Ravi Mehra's Delhi Hotel,T. Nagar,3.7,₹650 for two,"Chinese, North Indian, Desserts, Fast Food"
Kipling Cafe,Kipling East Coast Road (ECR),4.1,"₹2,400 for two","Continental, Thai, North Indian, Desserts, Shake"
Savya Rasa,Kotturpuram,4.5,"₹1,600 for two","Chettinad, Andhra, Kerala, Mangalorean, South Indian"
The Wedding Biryani,Velachery,4.1,₹400 for two,"Biryani, Beverages"
BOATS - Based On A True Story,Besant Nagar,4.2,"₹1,800 for two","Continental, Chinese, North Indian"
Kebapci Anna Nagar,Anna Nagar East,3.9,₹500 for two,"Middle Eastern, Kebab, Rolls, Arabian, Turkish"
Villa 77,Adyar,3.8,"₹1,400 for two","Thai, Chinese, Salad, Mexican, Continental, Italian, Desserts, Sichuan"
Coffee? Since 1999,Thousand Lights,3.8,"₹1,200 for two","Coffee, Sandwich, Shake"
Seven Sins Bar & Pub,T. Nagar,3.4,"₹1,500 for two","South Indian, Italian, Thai, Chinese, Continental"
Pind,Velachery,4.3,₹900 for two,"North Indian, Chinese, Street Food, Beverages, Desserts, Shake, Sichuan"
Nandhana Palace,Egatoor,4.3,₹900 for two,"Biryani, Andhra, North Indian, South Indian, Beverages, Desserts"
Little Soi,Anna Nagar East,3.8,₹700 for two,"Asian, Thai, Sushi, Chinese, Sichuan"
The Patiala House,Chetpet,4.1,₹700 for two,"North Indian, Chinese, Beverages, Sichuan"
Ciclo Cafe,Kotturpuram,4.3,"₹1,100 for two","Cafe, Italian, Continental, Japanese, Desserts, Beverages, Waffle, Shake"
Take 2,Kodambakkam,4.4,"₹1,400 for two","North Indian, Chinese, Continental, South Indian, Sichuan"
Gully Baar,Kilpauk,4.4,"₹1,200 for two","Bar Food, Continental, Fast Food, Beverages, Seafood"
Black Orchid,RA Puram,4.1,"₹2,000 for two","Sushi, Asian, North Indian, Seafood"
The Void,Anna Nagar East,3.9,"₹1,100 for two","Chinese, Fast Food, South Indian, Chettinad, Desserts"
Tukaway,Nungambakkam,3.9,₹900 for two,"Cafe, Desserts, Beverages"
Benjarong,Alwarpet,4.7,"₹2,000 for two","Thai, Asian"
Beachville Coffee Roasters,Alwarpet,3.6,₹600 for two,"Cafe, Fast Food, Beverages, Desserts"
Dakshin - Crowne Plaza  Adyar Park,Crowne Plaza Adyar Park Alwarpet,4.6,"₹2,500 for two","South Indian, Kerala, Andhra, Fast Food"
Goddy's,Nungambakkam,4,₹800 for two,"Cafe, Continental, Beverages, Fast Food, Desserts, Shake, Italian"
Ottoman's Baklava,Thousand Lights,3.5,₹300 for two,Turkish
Gossip Fusion Bistro,Kanathur,4.9,"₹1,500 for two","Italian, Salad, Seafood, Kerala, North Indian, South Indian"
Bombay Brasserie,Nungambakkam,4.7,"₹1,500 for two","Modern Indian, Bar Food, Beverages"
Zaitoon,Velachery,4.1,"₹1,000 for two","North Indian, Arabian, Chinese, Kebab, Seafood, BBQ, Biryani"
Kappa Chakka Kandhari,Nungambakkam,4.6,"₹1,200 for two","Kerala, South Indian, Biryani, Seafood, Beverages, Desserts"
6th Avenue,Anna Nagar West,3.9,"₹1,700 for two","North Indian, Continental, Finger Food, Desserts, Asian, Sichuan"
Kommune,T. Nagar,4.4,"₹2,000 for two","Bar Food, Continental, Asian, Modern Indian"
The Angara Grill House,Chetpet,3.9,"₹1,400 for two","BBQ, North Indian"
Ciclo Cafe,Anna Nagar East,3,₹400 for two,"Continental, Italian"
Peshawri - ITC Grand Chola,ITC Grand Chola Guindy,4.6,"₹4,500 for two","North Indian, Mughlai, Kebab"
Lower Deck,Hotel Park Elanza Nungambakkam,2.8,"₹1,600 for two","Bar Food, Chinese, Pizza, Beverages"
Abid's,Chetpet,4.4,"₹1,400 for two","Seafood, Biryani, Hyderabadi, Arabian, North Indian, Chinese, Kerala"
The Leather Bar - The Park,The Park Nungambakkam,4.2,"₹3,000 for two",Finger Food
Ferrara Pizzeria,Nungambakkam,3.4,₹400 for two,"Pizza, Italian, Fast Food"
Madras Machan's,Karapakkam,4.1,₹700 for two,"South Indian, Chinese, Seafood, Tamil"
Lord of the Drinks,Nungambakkam,4.1,"₹1,900 for two","Fast Food, Japanese, Italian, North Indian, Chinese, Continental, Mexican, Beverages"
The Marina,Thousand Lights,4.8,"₹1,600 for two","Seafood, North Indian, Chinese, South Indian, Desserts"
Origin,Palavakkam,3.9,"₹2,000 for two","North Indian, Mediterranean, Continental, Chinese"
The Farm,Semmancheri,4.4,"₹1,500 for two","Steak, Pizza, North Indian, Juices"
Mamagoto,Nungambakkam,4.6,"₹1,800 for two","Asian, Chinese, Sushi, Thai"
Double Roti,Anna Nagar East,4.4,"₹1,000 for two","Sandwich, Italian, Burger, Fast Food, Beverages"
AB's - Absolute Barbecues,T. Nagar,4.8,"₹1,400 for two","North Indian, BBQ, Salad, Desserts"
The Board Room,Mylapore,4,₹500 for two,"Shake, Tea, Fast Food"
The Velveteen Rabbit,Mandaveli,4.3,"₹2,000 for two","Bar Food, Pizza, Continental, Desserts, Beverages"
Smoke Hub Barbeque,Porur,3.5,"₹1,500 for two","Mughlai, Chinese, North Indian, Desserts"
Meraki - Progressive Diner,Neelangarai,4.1,₹700 for two,"North Indian, Chinese, South Indian, Fast Food"
Orange Coconut,Thuraipakkam,4.2,"₹1,800 for two","Bar Food, Thai"
Drizzle By The Beach,Palavakkam,3.4,"₹1,000 for two","Continental, Italian, North Indian, Asian, Shake, Sichuan"
Cholan Mess,Kodambakkam,3.3,₹500 for two,"South Indian, Chinese, Biryani, Seafood, Sichuan"
Radio Room,Somerset Greenways,4.3,"₹2,000 for two","Italian, Continental, Beverages"
Little Italy,Nungambakkam,4.1,"₹1,500 for two","Italian, Mexican, Salad, Desserts, Beverages, Shake, Pizza, Pasta"
Mainland China,Anna Nagar West,4.2,"₹1,200 for two","Chinese, Momos, Thai, Asian, Seafood, Sushi, Beverages, Sichuan"
Barbeque Nation,T. Nagar,4.5,"₹1,600 for two","BBQ, Kebab, North Indian, Desserts, Beverages"
Absolute Thai,Foodies Kitchen,4.6,"₹1,000 for two","Thai, Asian"
Urban Spatula,Anna Nagar West,4.4,₹800 for two,"Continental, Seafood, Biryani, Italian, North Indian, Asian, Kebab, Sichuan"
Eating Circles,Alwarpet,4.7,₹350 for two,South Indian
Svah Smart Veg,Besant Nagar,2.8,"₹1,000 for two","Continental, North Indian, Fast Food, Pasta, Pizza, Desserts, Tea, Beverages"
Zaika Uttar Da,Velachery,4.1,"₹1,200 for two","North Indian, Chinese, Desserts, Beverages"
The Fat Boy,Alwarpet,4.4,₹800 for two,"Pizza, Sandwich, Beverages, Shake, Desserts, Italian, Cafe, Fast Food"
Kobe Sizzlers,Phoenix Market City Velachery,4.4,"₹1,100 for two","Salad, Continental, Sandwich, Burger, Fast Food, Chinese, Ice Cream, Beverages"
Canvas by Sketch,Alwarpet,4.1,"₹1,000 for two","Continental, Chinese, North Indian, Desserts"
Copper Chimney,Gopalapuram,4.3,"₹1,200 for two","North Indian, Mughlai, Biryani, Desserts, Beverages, Kebab"
Geetham Veg Restaurant,T. Nagar,3.9,₹800 for two,"South Indian, North Indian, Chinese, Sichuan, Mithai, Shake"
The Waterfall Restaurant,Vadapalani,4.1,₹800 for two,"Andhra, Chinese, North Indian, South Indian, Biryani, Desserts, Beverages, Sichuan"
Mexe,Alwarpet,3.9,₹500 for two,"Mexican, Desserts, Beverages"
Azzuri Bay,Adyar,4.3,"₹1,000 for two","Italian, Mediterranean, Thai, Asian, Seafood, Desserts, Beverages, Shake"
Santé Spa Cuisine,Nungambakkam,4.5,"₹1,300 for two","Italian, Continental, Healthy Food, Mediterranean, Fast Food, Shake"
Haunted,Anna Nagar East,3.9,"₹1,000 for two","North Indian, South Indian, Chinese, Mughlai, Beverages"
Time Square,T. Nagar,3.9,"₹1,600 for two","Asian, Continental, North Indian, Beverages"
Punjab Grill,Phoenix Market City Velachery,4.4,"₹2,500 for two","North Indian, Mughlai, Kebab, Beverages"
Food Nirvana,RA Puram,4.4,₹800 for two,"Continental, North Indian, Chinese, Italian"
Basil With A Twist,T. Nagar,4.5,"₹1,500 for two","Italian, Continental, Salad, Pasta, Beverages, Salad"
Blind Ch3mistry,Besant Nagar,4.5,₹700 for two,"Cafe, Italian, Continental, Desserts, Beverages, Shake"
Fruit Bae,Nungambakkam,New,₹350 for two,Beverages
WOW! China,Kodambakkam,3.7,₹500 for two,"Chinese, Asian, Sichuan"
Cafe G - Holiday Inn,Holiday Inn OMR IT Expressway,4,"₹2,000 for two","Continental, North Indian, Italian, Chinese, Fast Food, Shake"
Spectra - The Leela Palace,The Leela Palace MRC Nagar,4.5,"₹3,000 for two","North Indian, Asian, Mediterranean, Continental, Italian"
Chap Chay - The Raintree,Alwarpet,4.4,"₹2,500 for two","Chinese, Malaysian, Thai, Seafood, Sichuan"
Impasta,Nungambakkam,3.7,"₹1,200 for two","Beverages, Italian"
Crema Cheesecake Studio,Royapettah,3.9,₹600 for two,Desserts
The Yumm Factory,Jaag Hotels T.Nagar,3.5,₹700 for two,"South Indian, Biryani, North Indian, Desserts, Beverages, Sichuan, Chinese, Andhra"
Drunken Monkey,Ashok Nagar,3.9,₹450 for two,"Beverages, Healthy Food, Shake"
Another Kitchen,Adyar,3.7,"₹1,500 for two","Cafe, Korean, Japanese, BBQ"
601 - The Park,The Park Nungambakkam,4.2,"₹2,700 for two","North Indian, Continental, Italian, Desserts, Chinese, Beverages"
Tepin Chilli,Hotel Park Elanza Nungambakkam,3.7,"₹1,000 for two","South Indian, Biryani, North Indian, Chinese"
Riso,Kilpauk,4,"₹1,000 for two","Lebanese, Beverages, Desserts, Fast Food, Italian, Mexican, Pasta, Pizza"
Jalpaan,Saligramam,4.4,"₹1,100 for two","North Indian, Chinese, Fast Food, Street Food, Desserts"
Hungsters,Adyar,3.6,₹300 for two,"Chinese, Fast Food, Momos, Beverages, Desserts, Sichuan"
Tager,Nungambakkam,New,"₹1,200 for two","Burger, Sandwich, Continental"
Kuuraku,Vadapalani,4.6,"₹1,000 for two",Japanese
WOW! Momo,Nungambakkam,3.6,₹400 for two,"Momos, Fast Food, Tibetan"
Middle Of NoWhere,Mogappair,4.2,"₹1,500 for two","Continental, South Indian, North Indian, Finger Food, Asian, Beverages, Sichuan"
Haven Sampoorna,Besant Nagar,4.2,"₹1,000 for two","North Indian, Chinese, Italian, Beverages, Shake"
Buhari,Poonamalle,4.2,₹800 for two,"North Indian, Chinese, Biryani, Seafood, Mughlai, Kebab, Chettinad, Sichuan"
175 ECR,Sholinganallur,3.8,₹800 for two,"Continental, Chinese, North Indian, Italian, Desserts, Sichuan"
Mearth Cafe,Mandaveli,4.1,₹800 for two,"Cafe, Mexican, Continental, Italian, Healthy Food, Mediterranean"
Aachi Namma Kitchen,Anna Nagar East,3.3,₹600 for two,"South Indian, North Indian, Chinese, Fast Food, Beverages, Sichuan"
Alien Stone,Besant Nagar,3.7,₹500 for two,"Wraps, Fast Food, Chinese, Beverages"
The Buffet Square,Ramada Plaza Guindy,4.2,"₹1,500 for two","Continental, North Indian, Beverages"
Mani's Dum Biryani,Thuraipakkam,3.6,₹450 for two,"Biryani, Beverages"
Nandhiniee Sweets,Kodambakkam,4.3,₹300 for two,"Mithai, Street Food, South Indian, Beverages"
Chai Galli,Velachery,4.1,₹400 for two,"Tea, Beverages, Fast Food, Desserts, Shake"
Olive and Basil,Adyar,4.2,₹800 for two,"Thai, Chinese, Continental, North Indian, Oriental, Seafood, Desserts, Beverages"
The Brew Room,The Savera Hotel RK Salai (Cathedral Road),4.5,"₹1,100 for two","Cafe, Continental, Italian, Desserts"
The Great Kabab Factory - Radisson Blu,Radisson Blu Egmore,4.2,"₹2,500 for two","Kebab, Mughlai, Desserts"
Jugalbhandhi,Nungambakkam,4,"₹1,700 for two","North Indian, Chinese, Italian, Kebab, Beverages"
Virundhu,Injambakkam,3.8,"₹1,000 for two","Continental, Chinese, South Indian, North Indian, Beverages, Sichuan"
The Big Barbeque,Thuraipakkam,4.3,"₹1,400 for two","Biryani, North Indian, Mughlai, BBQ, Fast Food, Italian, Desserts, Kebab"
The Crown - The Residency Towers,The Residency Towers T. Nagar,4.3,"₹2,500 for two","North Indian, Continental, North Eastern, Biryani, Mughlai, Desserts"
Delhi Highway,Citadines,4.3,"₹1,200 for two","North Indian, Desserts, Beverages"
Aloe,Nungambakkam,4.1,"₹1,000 for two","North Indian, South Indian, Continental, Asian, Burger, Sandwich, Desserts, Beverages"
Southern Spice - Taj Coromandel,Taj Coromandel Nungambakkam,4.7,"₹3,000 for two",South Indian
Madro Cafe,Anna Nagar East,4.1,₹800 for two,"Mexican, Italian, Continental, Beverages, Shake"
Pitcherr Perfect,Perungudi,4.1,"₹1,000 for two","Continental, Italian, Chinese, Bakery, Beverages, Shake, Sichuan"
Rosewater,Anna Nagar East,3.7,"₹1,500 for two","North Indian, South Indian, Continental, Chinese, Desserts, Beverages, Seafood, Italian"
The  Sandwich Shop,Ramapuram,4.2,₹300 for two,"Sandwich, Fast Food, Beverages, Shake, Burger, Pizza, Sichuan"
MADHARAS - Global Veg Kitchen,Velachery,3.8,"₹1,000 for two","South Indian, North Indian, Asian, Continental, Mexican, Desserts, Shake, Sichuan"
Surf Turf,Kovalam,4.1,₹600 for two,"Italian, Cafe, Continental, South Indian"
Dumont Creamery,Alwarpet,3.4,₹300 for two,"Ice Cream, Desserts, Beverages, Shake"
That Mallu Joint,T. Nagar,4.4,₹600 for two,"South Indian, Kerala, Beverages, Desserts"
Jonah's Bistro,VR Mall Anna Nagar,4.2,"₹1,000 for two","Chinese, Fast Food, Burger, Pizza, Salad, BBQ, Desserts, Beverages"
Amadora Gourmet Ice Cream & Sorbet,Nungambakkam,4.7,₹500 for two,"Desserts, Ice Cream"
Rajdhani,Phoenix Market City Velachery,4.2,"₹1,200 for two","Rajasthani, Gujarati, North Indian"
Big Hit,Thuraipakkam,3.8,"₹1,400 for two","Japanese, Continental, North Indian, Sichuan"
Viraasat - The Indian Kitchen,Vepery,3,₹500 for two,"North Indian, Chinese, BBQ, Pasta, Beverages, Desserts"
Kai From The Sea,Kanathur,3.8,"₹1,200 for two","Asian, European, Seafood, Desserts"
Writer's Cafe,Gopalapuram,4.4,₹500 for two,"Fast Food, Pasta, European, Coffee, Beverages"
Utsav - Celebration Of Thali,VR Mall Anna Nagar,4.3,"₹1,000 for two","Chettinad, Rajasthani"
Bay 146 - The Savera Hotel,The Savera Hotel RK Salai (Cathedral Road),4.1,"₹1,300 for two","Continental, European, Chinese, Seafood"
Palmshore,Ramapuram,4.4,"₹1,000 for two","Arabian, Chinese, North Indian, Mughlai, Biryani, BBQ, Desserts, Beverages"
10 Muffins,Alwarpet,3.6,₹500 for two,"Cafe, Sandwich, Beverages"
Paprika - Courtyard by Marriott,Courtyard by Marriott Teynampet,4.1,"₹2,800 for two","North Indian, Italian, Continental, South Indian, Chinese, Momos, Sichuan"
Cibo,Ashok Nagar,4,₹800 for two,"Continental, North Indian, Steak, Italian"
Bikanervala,Thousand Lights,3.7,₹450 for two,"North Indian, South Indian, Desserts, Beverages, Chinese, Fast Food, Street Food, Mithai"
Seagull - Taj Fisherman's Cove Resort & Spa,Taj Fisherman's Cove Resort & Spa Kanchipuram District,4,"₹3,000 for two","Healthy Food, Continental, Burger, South Indian, Pizza, North Indian, Chinese, Asian"
Cibo,Ashok Nagar,4,₹800 for two,"Continental, North Indian, Steak, Italian"
Knock Out Rusi,Taramani,3.8,"₹1,200 for two","Biryani, South Indian"
Orange Wok,Velachery,4.4,₹600 for two,"Chinese, Malaysian, Thai, Sichuan, Asian"
Welcome Hotel,Purasavakkam,4.6,₹300 for two,"South Indian, Desserts, Beverages"
Burger King,Perambur,3.9,₹300 for two,"Burger, Fast Food, Beverages"
Paati Veedu,Paati Veedu T.Nagar,4.1,"₹1,500 for two","South Indian, Desserts, Beverages"
Ente Keralam,Alwarpet,4.3,₹800 for two,"Kerala, Desserts, Beverages"
Momo Nation Cafe,Anna Nagar East,4,₹400 for two,"Momos, Chinese, Asian, Continental, Sichuan"
Message In A Bottle,Egmore,4.1,"₹1,500 for two","Bar Food, North Indian, Chinese, Continental, Beverages"
Mex It Up,Nungambakkam,3.8,₹400 for two,"Mexican, Desserts, Beverages"
Mathsya,Adyar,3.9,₹800 for two,"South Indian, North Indian, Chinese, Fast Food, Desserts, Beverages, Shake"
The Square - Novotel  OMR,Novotel OMR,4.2,"₹2,500 for two","Continental, Italian, Asian, Mexican, North Indian, South Indian, Desserts"
Cholan Mess,Ramapuram,2.5,₹800 for two,"South Indian, Chinese, Biryani, Beverages"
Erode Amman Mess,Anna Nagar East,3.1,₹600 for two,"Chettinad, South Indian, Kerala, Chinese"
Nair Mess,Triplicane,4.5,₹200 for two,South Indian
Pause Bar & Kitchen,OMR Food Street Kandanchavadi,4.3,"₹1,200 for two","Italian, Continental, Chinese, North Indian, Sichuan"
Garrison Restro,The King's Hotel Egmore,3,"₹2,500 for two","Kebab, Continental, Italian, Sushi, Fast Food, Mexican, Desserts, Beverages"
In Between,Adyar,2.8,₹500 for two,"Cafe, Burger"
Zhouyu - From The House Of Pumpkin Tales,Abhiramapuram,3.9,"₹1,200 for two","Chinese, Asian, Cantonese, Sichuan"
Hungsters,Kilpauk,3.6,₹300 for two,"Chinese, Momos, Sichuan"
Nolita,Besant Nagar,3.7,₹800 for two,"Italian, Desserts, Pizza, Fast Food"
The Indie Frost,West Mambalam,3.6,₹500 for two,"Beverages, Sandwich, Fast Food, Shake, Pasta"
Gameistry,Egmore,3.8,₹400 for two,"Sandwich, Pizza, Fast Food, Beverages, Desserts, Continental, Shake, Sichuan"
Convo@C20,Adyar,4.2,"₹1,000 for two","Cafe, American, Continental, Italian, Asian, Beverages, Pizza, Desserts"
Tipsy Crow,Velachery,3,"₹1,000 for two","Chinese, North Indian, Fast Food, Seafood"
Lina's Brickoven Newyork Pizzeria,T. Nagar,3.7,₹500 for two,"Pizza, Fast Food"
PH Cafe - Psychedelic Hues,Egmore,4.2,₹600 for two,"Cafe, Salad, Italian, Continental, Beverages"
Khalids Biriyani,Ambattur,3.9,₹600 for two,"Biryani, North Indian, Chinese, Sichuan"
Level Up,Ampa Skywalk Mall Aminijikarai,4.1,"₹2,200 for two","Continental, Italian, Chinese, North Indian, Seafood, Desserts"
Vasco's - Hilton ,Hilton Guindy,4.4,"₹3,400 for two","North Indian, Continental, Asian"
Food Adda,Kilpauk,3.7,₹500 for two,"Fast Food, Sandwich, Pizza, Burger, Beverages"
Kurtosh Bistro,Besant Nagar,4,₹600 for two,"Italian, Mexican, Beverages, Bakery"
The Eatery - Four Points By Sheraton  OMR,Old Mahabalipuram Road (OMR),4,"₹1,000 for two","North Indian, South Indian, Chinese, Fast Food, Sichuan"
The Tiger House,Besant Nagar,3.8,"₹1,000 for two","Fast Food, Beverages"
Kraft Retail Dining,Egatoor,3.9,₹700 for two,"Arabian, Mughlai, Chinese, Fast Food, Beverages, Desserts"
Tinga,Teynampet,3.7,₹550 for two,"Mexican, Beverages"
Thanjai Veeraswamy,T. Nagar,4,₹800 for two,"Chettinad, South Indian, Chinese, Beverages"
Prems Graama Bhojanam,Adyar,4.9,₹400 for two,South Indian
Colony - The Raintree,The Raintree Alwarpet,4,"₹2,000 for two","Italian, North Indian, South Indian, Continental, Fast Food, Beverages, Desserts"
VB Signature,Nungambakkam,4.4,"₹1,000 for two","North Indian, South Indian, Chinese, Asian, Fast Food, Desserts, Beverages"
The Alcove,Besant Nagar,4.1,₹800 for two,"Continental, Italian, Mexican, Beverages, Shake"
Flower Drum,Adyar,4.4,"₹1,000 for two","Chinese, Thai, Sichuan"
La Cabana,Hotel Park Elanza Nungambakkam,3.9,"₹1,500 for two","Italian, North Indian, Continental, Chinese, Desserts, Beverages, Sichuan"
North View Kitchen,St. Thomas Mount,4,₹700 for two,"Fast Food, Chinese, North Indian, Mughlai, Chettinad, Desserts, Beverages, Shake"
Singh Chulha,Potheri,3.7,₹550 for two,"North Indian, Sichuan, Biryani, Chinese"
R&G - Green Park Hotel,Green Park Hotel Vadapalani,4.3,"₹2,000 for two","North Indian, BBQ, Chinese"
Kailash Parbat,Chetpet,3.6,₹600 for two,"North Indian, Street Food, Sichuan"
Waters Edge Cafe - Radisson BLU Temple Bay,Radisson Blu Temple Bay Mamallapuram,4.2,"₹3,000 for two","Fast Food, South Indian, North Indian, Mediterranean, Italian, Seafood"
Main Street - The Residency Towers,The Residency Towers T. Nagar,3.9,"₹2,600 for two","European, Chinese, Japanese, North Indian, Thai, Beverages, Shake"
Madras Glocal Kitchen - MGK,Perungudi,3.7,₹500 for two,"Chinese, North Indian, Biryani, South Indian, Seafood, Rolls, Lebanese"
Amaravathi,Gopalapuram,3.8,₹700 for two,"Andhra, Biryani, South Indian"
The Alcove Resto Bar,Thuraipakkam,3.7,"₹1,500 for two","Bar Food, Chinese, Continental, South Indian"
Seasonal Tastes,The Westin Velachery,4.3,"₹2,500 for two","Biryani, Asian, Japanese, Burger, Pizza, Juices, Desserts, Bakery"
Alchemy Bar & Lounge,Hotel Rajpark Alwarpet,4.5,"₹2,000 for two","Continental, Finger Food, Seafood, Fast Food"
Padmavathi Andhra Mess,Perungudi,3.3,₹300 for two,"South Indian, Biryani, North Indian"
Shyam's Bombay Halwa House,T. Nagar,4.5,₹600 for two,"North Indian, Chinese, Fast Food, Beverages, Shake"
Pizza Castle,Kolathur,3.8,₹350 for two,"Pizza, Fast Food, Wraps, Burger, Sandwich, Shake"
Southern Chinese Restaurant,Anna Nagar East,3.9,₹600 for two,"Chinese, Sichuan"
Pushpam's,Potheri,3.8,₹600 for two,"North Indian, Mughlai"
Dahlia,Nungambakkam,4.2,"₹1,500 for two",Japanese
Meen Satti,Ekkaduthangal,3.1,"₹1,500 for two","South Indian, Seafood"
Hungry Cars,Egatoor,4,₹800 for two,"Biryani, Chinese, Burger, Asian, Cafe, South Indian, Shake, Sichuan"
Kakada Ramprasad,Kilpauk,4.3,₹400 for two,"Mithai, Street Food, Chinese, North Indian, Fast Food"
Sangeetha Veg Restaurant,Adyar,4.3,₹700 for two,"South Indian, North Indian, Chinese, Fast Food, Desserts, Beverages, Juices, Shake"
Hotel Sindhu Fast Food,Pallikaranai,3.3,₹200 for two,"South Indian, North Indian"
Fusilli Reasons,Kilpauk,4.7,₹400 for two,"Fast Food, Pasta, Beverages"
Chili's American Grill & Bar,Phoenix Market City Velachery,4.4,"₹1,400 for two","American, Mexican, Burger, Tex-Mex, Desserts"
Alienstone Anna Nagar,Anna Nagar East,2.3,₹600 for two,"Fast Food, Beverages, Burger, Wraps, Shake"
Flip Flops Beach Shack & Cafe,Mahabalipuram,3.8,₹700 for two,"Seafood, Italian, Chinese, North Indian, South Indian, Desserts, Beverages"
Lyfe By Soul Garden Bistro,Kilpauk,4.1,₹800 for two,"North Indian, Continental, Chinese, Fast Food, Healthy Food, Desserts, Beverages, Sichuan"
Golden Dragon - Taj Coromandel,Taj Coromandel Nungambakkam,4.4,"₹2,800 for two",Chinese
Amdavadi,T. Nagar,4,₹600 for two,"Gujarati, Street Food, Beverages"
Hotel Palmgrove - Menaka,Hotel Palmgrove Nungambakkam,4.2,₹600 for two,"North Indian, South Indian, Chinese, Beverages"
La Pino'z Pizza,Velachery,3.1,₹900 for two,"Pizza, Italian, Fast Food"
Sandy's Chocolate Laboratory,Nungambakkam,4.5,"₹1,400 for two","Continental, Cafe, Italian, Desserts, Shake"
Asian Station,Anna Nagar East,4.3,"₹1,500 for two","Asian, Sushi, Desserts, Sichuan"
Cosmic Cravings,Velachery,2.5,₹400 for two,"Fast Food, Pizza, Wraps, Sandwich, Desserts, Shake, Beverages"
The Moon And Sixpence - Hablis Hotel,Hablis Hotel Guindy,4.2,"₹2,500 for two","Irish, Finger Food"
Anise - Taj Coromandel,Taj Coromandel Nungambakkam,4.1,"₹3,000 for two","North Indian, South Indian, Italian, Mediterranean, Thai, Seafood"
Kaidi Kitchen,Mylapore,4.2,"₹1,000 for two","North Indian, Chinese, Fast Food, Sichuan"
Copper Kitchen,Porur,4.3,"₹1,000 for two","Biryani, Chinese, Chettinad, Seafood, Lebanese, BBQ, Shake"
Brewklyn,Besant Nagar,3.8,₹400 for two,"Fast Food, Continental, Momos, Desserts, Beverages, Shake"
China XO - The Leela Palace,The Leela Palace MRC Nagar,4.3,"₹4,000 for two",Chinese
Pizza Hut,Ashok Nagar,3.4,₹600 for two,"Pizza, Fast Food, Desserts, Beverages, Pasta, Ice Cream"
Teppan,Alwarpet,4.3,"₹2,000 for two",Japanese
COLLAGE By Toscano,VR Mall Anna Nagar,3.9,₹900 for two,"Italian, North Indian, Chinese, Kebab, Desserts, Beverages, Shake"
Savoury Sea Shell,Anna Nagar East,4.2,"₹1,000 for two","Arabian, Chinese, North Indian, Lebanese, Salad, Shake, Sichuan"
Ravi Mehra's Delhi Hotel,Kilpauk,3.8,"₹1,200 for two","North Indian, Chinese, Beverages, Fast Food, Desserts, Sichuan"
Salt,Forum Vijaya Mall Vadapalani,4.4,"₹1,200 for two","North Indian, Mughlai, Chettinad, Beverages, Desserts"
Cafe Arabica,Anna Nagar East,4.4,₹800 for two,"Fast Food, Beverages, Desserts, Shake"
Yaa Mohaideen Biryani,Navallur,3,₹800 for two,"Biryani, Chinese, Chettinad, North Indian, Desserts, Beverages, Juices, Shake"
Kovai Alankar Vilas,Nandanam,3.7,₹450 for two,"South Indian, Mughlai, Seafood, Chinese"
Guntur Gongura,Sholinganallur,4,₹500 for two,"Biryani, Andhra, North Indian, Chinese"
Hibiscus Cafe,Injambakkam,3.8,"₹1,000 for two","Continental, Chinese, Salad, Pasta"
Bombay Halwa House,Kilpauk,4.2,₹600 for two,"North Indian, Chinese, Biryani, Desserts"
Lassi Shop,Meenambakkam,New,₹250 for two,"Ice Cream, Desserts, Beverages"
Light Moon Kitchen,Teynampet,3.9,₹400 for two,"Chettinad, Mughlai, Chinese, Fast Food, Sichuan, Biryani"
Mirchi Express,Egmore,3.3,₹800 for two,"Mughlai, Biryani, North Indian, Chinese, Desserts, Beverages, Arabian"
Anu's Punjabi Dhaba,Gopalapuram,4.1,₹700 for two,"North Indian, Chinese, Kebab, Biryani, Mughlai, Sichuan"
New Seoul Hotels,Alwarpet,4,"₹1,800 for two","Korean, Japanese"
Tulips - Green Park Hotel,Green Park Hotel Vadapalani,3.9,"₹1,500 for two","North Indian, Tamil, Chinese, Desserts, Sichuan"
Sree Akshayam,Abhiramapuram,3.5,₹400 for two,"Mithai, Bakery, Street Food, Desserts, Fast Food, Shake, Sichuan"
Tiktalk Cafe,Anna Nagar West,3.7,₹400 for two,"Fast Food, Beverages"
Superstar Pizza,Anna Nagar East,4.4,₹700 for two,"Pizza, Italian, Fast Food, Beverages"
Fazari,Chromepet,4.3,₹750 for two,"Arabian, BBQ, North Indian, Chinese, Juices, Shake, Sichuan"
The Wharf 2.0 - Radisson BLU  Templebay,Radisson Blu Temple Bay Mamallapuram,4.4,"₹3,000 for two","Seafood, Mediterranean, Italian, North Indian, Fast Food, Chinese, Beverages"
Sumaatra Hotel Pure Veg,Selaiyur,2.7,₹250 for two,"Chinese, North Indian, South Indian, Sichuan"
Shri Rajasthani Dhaba,Anna Nagar West,4.5,₹500 for two,"Rajasthani, North Indian, Desserts"
Square Ruth,Arumbakkam,3.6,₹400 for two,"American, Mexican, Fast Food"
24 The Spirit,Nungambakkam,2.6,"₹1,900 for two","North Indian, South Indian, Chinese, Continental"
SS Hyderabad Biryani,Kodambakkam,4.3,₹800 for two,"Biryani, Chinese, North Indian, Lebanese, Seafood"
Sigree,Anna Nagar East,4.4,"₹1,200 for two","North Indian, Kebab, Mughlai, Desserts, Beverages"
China Town,Gopalapuram,4.2,"₹1,200 for two","Chinese, Seafood, Beverages, Sichuan"
Coffee Trotter,Alwarpet,3.9,₹500 for two,"Cafe, Fast Food"
Grillbox @ Home,Mylapore,3.5,₹450 for two,"North Indian, South Indian, Fast Food, Chinese, BBQ"
Saif Ice Cream and Chat,George Town,3.7,₹400 for two,"Sandwich, Ice Cream"
AHP Anna Nagar Hot Pot,Anna Nagar West,2.3,₹350 for two,"South Indian, Andhra, Fast Food, Sichuan"
Lassi Shop,Ashok Nagar,3.8,₹200 for two,"Beverages, Juices, Sandwich, Ice Cream, Desserts, Fast Food"
Pedreno's,Mylapore,4.3,"₹1,200 for two","Chinese, American, Italian, Mexican, Fast Food, Beverages"
Marc Ann Grill,Semmancheri,3.4,₹300 for two,"South Indian, North Indian, Kebab, BBQ"
Twisty Tails,Abhiramapuram,3.1,"₹1,000 for two","Chinese, North Indian, Fast Food, Beverages"
Ambur Star Briyani,T. Nagar,4,₹600 for two,"Biryani, Chinese, North Indian, Mughlai, Sichuan"
Shout Bar & Cafe,Ramapuram,4,"₹1,700 for two","Bar Food, Chinese, Continental, North Indian"
"Waterside - Feathers, A Radha Hotel",Feathers A Radha Hotel,4,"₹2,500 for two","Vietnamese, South Indian, Fast Food, North Indian"
TIKI TAKO,Okkiyampet,3.8,"₹2,000 for two","Chinese, Burger, Sandwich, Bar Food, Desserts"
Santrupti Vegeterian,Ramapuram,4.2,"₹1,000 for two","North Indian, Chinese, Street Food, Mughlai, Ice Cream, Desserts, Beverages, Shake"
London Dessert Co,Anna Nagar East,3.5,₹400 for two,"Ice Cream, Desserts, Fast Food, Beverages"
Just Bake,Mogappair,2.7,₹250 for two,Bakery
99 Bar And Grill,Adyar,3.9,"₹1,000 for two","Continental, Chinese"
Mexicano Griller,Nungambakkam,4.1,₹950 for two,"Mexican, Continental, Tex-Mex"
99 Bar And Grill,Adyar,3.9,"₹1,000 for two","Continental, Chinese"
Shree Mithai,Anna Nagar East,4.4,₹350 for two,"Mithai, Street Food, Sandwich, Fast Food, Beverages, Shake"
Tovo,Mylapore,4.4,"₹1,600 for two","American, Mexican, Steak, Beverages, Desserts"
Kunafa House,Nungambakkam,3.8,₹400 for two,Desserts
Junior Kuppanna,Nungambakkam,3.5,₹600 for two,"South Indian, Chinese, Juices, Ice Cream, Beverages, Sichuan"
The Verandah - Taj Connemara,Anna Salai,4,"₹2,500 for two","Continental, South Indian, Italian, Seafood, North Indian"
Pangali Virundhu,Ambattur,4.1,₹450 for two,"South Indian, Chettinad, Beverages"
New Pattukottai Kamatchi Mess,T. Nagar,4.5,₹600 for two,"South Indian, Chettinad, Ice Cream, Beverages"
Rasavid,Velachery,3.7,₹800 for two,"Andhra, Hyderabadi, Chinese, Lebanese, Desserts, Beverages, Shake"
Al Souk,Nungambakkam,4.1,"₹1,100 for two","Lebanese, Turkish, Middle Eastern, Beverages, Mediterranean"
Sunil Chat Corner,Washermenpet,3.3,₹200 for two,"Fast Food, Sandwich, Street Food"
KMS Hakkim Kalyana Biriyani,Nungambakkam,2.5,₹500 for two,"North Indian, Chinese, Lebanese, Biryani, BBQ, Beverages, Sichuan"
Teru,Alwarpet,3.5,₹200 for two,"South Indian, Street Food"
Cafe H,Anna Nagar West,4.1,₹500 for two,"Fast Food, Shake, Beverages, Italian, Sandwich, Burger"
Diff 42 - Resto Lounge,Medavakkam,4.1,"₹1,000 for two","Continental, North Indian, Chinese, Finger Food"
Spice It - IBIS  OMR,IBIS OMR,4.1,"₹1,100 for two","Tibetan, Mexican, North Indian, Chinese, South Indian, Beverages"
Brownie Heaven,Royapettah,4.9,₹400 for two,"Desserts, Bakery, Ice Cream, Shake, Beverages"
Mozza,Anna Nagar East,4,₹900 for two,"Italian, Continental, Mexican, Chinese, North Indian, Beverages"
The Brick Oven,The Accord Metropolitan T. Nagar,4,"₹3,000 for two","North Indian, Chinese, Continental"
Masaledaar Firangi Tadka,Velachery,4,₹650 for two,"North Indian, Kebab, Chinese, Beverages"
The Cascade,Besant Nagar,4.1,"₹1,000 for two","Seafood, Chinese, Asian, Thai, Momos, Sichuan"
The Spice - Hablis Hotel,Hablis Hotel Guindy,3.9,"₹2,000 for two","North Indian, Salad, Asian"
The Asian Hive,Anna Nagar East,3.7,₹550 for two,"Chinese, Desserts, Sichuan"
Campari Bar,Porur,4,"₹1,500 for two","Finger Food, Seafood, South Indian"
Bike & Barrel - The Residency Towers,The Residency Towers T. Nagar,4.1,"₹2,500 for two",Finger Food
Al Maza,Anna Nagar East,4.6,"₹1,000 for two","Arabian, Mughlai, North Indian, Biryani, Seafood, Kebab, Desserts, Beverages"
Courtallam Border Rahmath Kadai,T. Nagar,4.1,₹650 for two,"South Indian, Biryani, Chettinad"
Mascarpone Cafe,Kanathur,4.1,"₹1,200 for two","Continental, Italian, Thai"
NICO Asian Bar & Café,Novotel OMR,3.9,"₹1,000 for two","Cafe, Continental, American, Malaysian, Thai, Chinese"
Ashvita Bistro,RA Puram,4,"₹1,000 for two","Cafe, Fast Food, Chinese, Healthy Food, Mexican, Momos, Burger, Sandwich"
Arab Street,Ashok Nagar,4.1,₹800 for two,"Arabian, Seafood, Lebanese, Fast Food, Italian"
Fat Monkey,Ashok Nagar,4,"₹1,500 for two","Thai, Continental, Chinese, Beverages, Sichuan"
Undercover,Guindy,3.9,"₹1,400 for two","North Indian, South Indian, European, Fast Food, Beverages"
Spice Haat - Hyatt Regency,Teynampet,4.1,"₹3,100 for two","North Indian, Fast Food, Continental, Sichuan"
Tandoori Bay,Mogappair,3.4,₹450 for two,"North Indian, Chinese, Biryani"
The Indonese Kitchen,Taramani,3.4,₹450 for two,"Chinese, North Indian, Fast Food, Momos, Sandwich, Wraps"
Down Sterling,Nungambakkam,3.6,"₹1,800 for two","Thai, Continental, Chinese, Salad, Asian"
Madurai Military Mess,Alandur,3.7,₹500 for two,South Indian
Moti Mahal Barbecues,Egatoor,2.4,"₹1,400 for two","North Indian, Chinese, South Indian"
Hokkaido,Alwarpet,4.1,"₹1,000 for two",Japanese
Burger Man,Porur,3.4,₹500 for two,"Burger, Fast Food, Salad, Desserts, Beverages"
Frenchy Crunchy,Virugambakkam,3.7,₹350 for two,"Burger, Fast Food, Beverages, Shake"
The Hangover,Porur,3.3,₹400 for two,"Arabian, Chinese, BBQ"
Masaledaar Desi Rasoi,Egmore,4.2,₹600 for two,"North Indian, Chinese"
Cinnamon House,Nungambakkam,4.1,₹300 for two,"Cafe, Fast Food, Shake"
The Butterfly Effect Cafe,Nandanam,3.7,₹550 for two,"French, Pasta, Cafe, Pizza, Sandwich, Fast Food, Desserts, Beverages"
SPR Food Court,Kodambakkam,3.5,₹200 for two,"Burmese, Burger, Fast Food, Street Food"
Paradise Biryani,Poonamalle,4.1,₹400 for two,"Biryani, Mughlai, Desserts, Beverages"
Biggies Burger,Anna Nagar East,3.6,₹300 for two,"Burger, Fast Food, Beverages"
Cook Gramam,Anna Nagar West,4.2,₹600 for two,"South Indian, Tamil, Desserts, Beverages"
Parvathi Bavan Sweets,Anna Nagar West,3,₹450 for two,"Mithai, Street Food, North Indian, South Indian, Chinese"
Alien Stone,Nandanam,3.4,₹500 for two,"Fast Food, Beverages"
Dr Bubbles,Anna Nagar East,3,₹300 for two,"Beverages, Shake, Waffle, Bubble Tea"
Sera - The Tapas Bar & Restaurant,Gopalapuram,4.4,"₹1,600 for two","Spanish, Pizza, Pasta, Mexican, Continental, Finger Food, Italian, Seafood"
Madrasi Foodie,Arumbakkam,3.3,₹300 for two,"Fast Food, Street Food, Pizza, Burger, Sandwich, Beverages, Pancake, Ice Cream"
Bakya Veg Restaurant,Valasaravakkam,3.1,₹250 for two,"South Indian, North Indian, Chinese, Beverages, Shake, Sichuan"
New Andhra Meals Hotel,T. Nagar,4,₹650 for two,"Andhra, North Indian, South Indian, Chinese, Beverages, Sichuan"
Shree Konar Vilas,Anna Nagar West,2.7,₹600 for two,"Kerala, Biryani"
Lotus - The Park,The Park Nungambakkam,4.2,"₹2,600 for two",Thai
Cream Centre,RA Puram,4.4,"₹1,600 for two","North Indian, Fast Food, Chinese, Street Food"
Kozhi.in,Thiruvanmiyur,3.2,₹250 for two,"Sandwich, Burger, Fast Food"
Chai Sutta Bar,Gopalapuram,3.4,₹500 for two,"Tea, Fast Food, Street Food, Sandwich, Pizza, Burger, Coffee, Beverages"
Hola,Citadines,4.2,"₹1,200 for two","Chinese, North Indian, Italian, Mexican, Shake, Drinks Only, Sichuan"
Amazon Jungles,Perungudi,4,₹900 for two,"Chinese, North Indian, Biryani, Desserts, Mughlai, Beverages, Sichuan"
Thaligai,Mylapore,4.2,₹400 for two,"South Indian, Desserts, Beverages"
Animal Kingdom,Adyar,4.1,"₹1,300 for two","North Indian, Chinese, Continental, Thai, South Indian"
Yugan Soups & Chat Corner,Madipakkam,2.9,₹250 for two,Fast Food
Al Taj Biriyani,Triplicane,3.2,₹600 for two,"Biryani, Chinese, North Indian, Lebanese, BBQ, Kebab"
Brunch Bowl,Vadapalani,3.3,₹400 for two,"Burger, Pizza, Fast Food"
The Chocolate Room- Adyar,Adyar,3.6,₹600 for two,"Desserts, Sandwich, Fast Food, Beverages"
Sherlock's Pub,Hotel Abu Palace Egmore,3.8,"₹1,300 for two","Continental, North Indian, Chinese"
Daily Dose,Tiruvottiyur,3.4,₹250 for two,"Lebanese, Sandwich, Chinese, BBQ, Beverages, Ice Cream, Sichuan"
Piazza Pizza By Little Italy,Anna Nagar West,2.8,₹500 for two,Italian
Mughal Biriyani,Besant Nagar,3.9,₹400 for two,"North Indian, Chinese, Biryani, Arabian, Seafood, Sichuan"
Kiteblu Café,Tambaram,3.7,₹700 for two,"Cafe, Continental, Fast Food, Beverages"
Ayur Square,Velachery,4.1,"₹1,000 for two","North Indian, South Indian, Continental, Street Food, Beverages"
7 Star Roll & Pasta,Teynampet,3.4,₹400 for two,"Chinese, Continental, Rolls, Sichuan"
Bistro 1427,Velachery,4,₹800 for two,"Mexican, Italian, Fast Food, Chinese, Kebab, North Indian, Beverages, Desserts"
Waf Bites,K.K. Nagar,4.1,₹300 for two,"Desserts, Beverages"
Food Exchange - Novotel  Chamiers Road,Novotel Nandanam,4.2,"₹1,200 for two","Continental, Italian, North Indian, Kerala, Beverages"
Jingle Bells,Avadi,3.5,₹350 for two,"Fast Food, Pizza, Wraps, Sandwich, Burger, Beverages"
Coco Melon Cafe,Medavakkam,3.2,₹250 for two,"Fast Food, Beverages, Juices, Shake"
Tea Time,Maduravoyal,3.4,₹150 for two,"Beverages, Shake"
Cafe Mercara Express - ITC Grand Chola,ITC Grand Chola Guindy,4.3,"₹2,500 for two","Cafe, Continental, North Indian, Fast Food, South Indian"
Cocoa & Creme,T. Nagar,2.3,₹500 for two,"Bakery, Desserts, Fast Food"
Madurai Sri Thevar Hotel,T. Nagar,3.6,₹350 for two,"Biryani, Chinese, South Indian"
Finding Rumi,Nandanam,New,"₹1,100 for two","Mediterranean, North Indian"
Cake Walk,Nungambakkam,4.2,₹300 for two,"Bakery, Desserts"
Layalee,Ekkaduthangal,4.4,₹900 for two,"Arabian, BBQ, Seafood, Chinese, Continental, Thai, Sichuan"
Spiceshore Restaurant,Saidapet,New,₹400 for two,Biryani
Crunchy Snackers,Ekkaduthangal,3.2,₹200 for two,"Sandwich, Pizza, Fast Food"
Chinese Wok - Wok Express,Selaiyur,3.6,₹350 for two,"Chinese, Asian, Momos, Sichuan"
Citrus Cafe - Lemon Tree,Lemon Tree Hotel Guindy,2.8,"₹1,700 for two","Continental, North Indian, European, American"
House Of Paratha,Sholinganallur,3.9,₹200 for two,North Indian
The Noodle Theory,Adyar,4.1,₹400 for two,"Chinese, Thai, Asian, Beverages"
Fresh Pressery cafe,Thousand Lights,3.8,₹950 for two,"Cafe, Italian, Healthy Food, Desserts, Beverages"
Kebab Court,Akkarai,3.1,₹650 for two,"North Indian, Chinese, Kebab, Desserts"
Stix - Hyatt Regency,Hyatt Regency Teynampet,4.1,"₹2,200 for two","Italian, Asian, Continental, North Indian, Desserts, Sichuan"
Tasty China,Hotel Ashok Residency Poonamalle,3.7,₹800 for two,"Chinese, Seafood"
The Cheroot Malt & Cigar Lounge - ITC Grand Chola,ITC Grand Chola Guindy,4.1,"₹3,000 for two",Finger Food
Kairali Kerala Mess,Kodambakkam,3.7,₹350 for two,"Kerala, South Indian"
Dine N Fun,Medavakkam,4.1,₹450 for two,"South Indian, North Indian, Chinese, Sichuan"
Vrindavan,New Woodlands Hotel Mylapore,4.2,₹700 for two,"North Indian, South Indian, Chinese, Continental, Beverages, Desserts, Shake"
Chin Chin - The Residency,The Residency T. Nagar,4.1,"₹1,500 for two","Thai, Chinese, Malaysian, Desserts"
Momo Sa-Khang By Kailash Kitchen,Choolaimedu,4.8,₹350 for two,"Momos, Chinese, Beverages"
Tibet Momo - World Class Pan Asian Cuisine,Mylapore,2,₹500 for two,"Momos, Chinese, Sichuan, Asian, Tibetan"
Malgudi - The Savera Hotel,The Savera Hotel RK Salai (Cathedral Road),4,"₹2,500 for two","South Indian, Kerala, Tamil, Andhra, Biryani, Seafood, Desserts, Beverages"
Hotel Runs,Adyar,4,₹650 for two,"North Indian, Chinese, Seafood, Biryani, Shake, Sichuan"
Fuel Juice & Pasta Bar,Kilpauk,3.9,₹300 for two,"Juices, Beverages, Momos, Desserts, Pasta, Pizza, Waffle, Salad"
Tuscana Pizzeria,Nungambakkam,4.2,"₹1,200 for two","Italian, Pizza, Shake"
House Of Chats,Perambur,3.8,₹350 for two,"Street Food, Fast Food, Sandwich, Pizza, Shake"
Pizza On Fire,Avadi,3.3,₹300 for two,Pizza
Jang Won Korean And Japanese Barbecue Restaurant,Guindy,3.6,"₹1,500 for two","Japanese, Korean"
Seacrest MGM Beach Restobar,Muttukadu,3.6,"₹1,800 for two","Chinese, Continental, North Indian, South Indian, Seafood"
The Old Mirchi Biryani,Thuraipakkam,4.2,₹850 for two,"Seafood, North Indian, Chinese, Andhra, Biryani"
Curry Box,Anna Nagar West,4,₹450 for two,"Chettinad, South Indian, Chinese, Sichuan"
Moon Rakers Restaurant,Mahabalipuram,3.6,₹700 for two,"Seafood, North Indian, Chinese, Italian, South Indian, Beverages"
Andhikkadai,Velachery,4.6,₹300 for two,"South Indian, Beverages, Shake"
Ammachi Veedu,Velachery,3.7,₹500 for two,"Kerala, Biryani, Desserts"
Shaack,Anna Nagar East,4.2,₹900 for two,"Asian, Continental, Italian, South Indian, Desserts, Beverages, Sichuan"
Meat And Eat,Mogappair,3.5,₹500 for two,"Burger, Biryani, Fast Food"
Faruuzi Multicuisine Restaurant,Madipakkam,3.6,"₹1,000 for two",North Indian
Taj Biriyani & Birinji,Kolathur,3.7,₹250 for two,"Biryani, Fast Food"
Waffle And More,Perambur,New,₹250 for two,"Desserts, Waffle"
Aruvi Heaven's Food,Medavakkam,New,₹200 for two,Biryani
Arima Restaurant,Mogappair,2.9,₹500 for two,"South Indian, Chinese, Biryani, Sichuan"
Hotel Al-Ali,Vadapalani,4,₹300 for two,"Chinese, Chettinad, Biryani"
Velidis,Ramapuram,4.2,₹500 for two,"Andhra, Biryani, North Indian, Seafood, Chinese"
Hotel Millath,Royapettah,4,₹500 for two,"Mangalorean, Chettinad, Shake"
Club House - Taj Club House,Taj Club House Thousand Lights,4.2,"₹2,500 for two","North Indian, South Indian, Continental"
Grill-A-Delics,Perambur,4.2,₹500 for two,"Arabian, Chinese, Fast Food, Lebanese, North Indian, Sichuan"
Kostha Ruchulu,Mylapore,3.5,₹300 for two,"South Indian, Biryani, Chettinad"
Silver Spoon,Anna Nagar East,4.2,₹700 for two,"Biryani, North Indian, Mughlai, Chinese, Kebab, Seafood, Desserts, Beverages"
Sweetsoul Buddha Bowls,Hotel Rajpark Alwarpet,4,₹800 for two,"Healthy Food, Desserts"
Kites Pure Veg Multi Cuisine Restaurant,Kilpauk,2.6,₹600 for two,"North Indian, Chettinad, Fast Food, Street Food, Beverages"
Yummioza Chinese Restaurant,Vadapalani,3.2,₹500 for two,Chinese
Big Bull Lounge,Nandanam,New,"₹1,000 for two","Continental, Beverages"
Svar - Turyaa ,Turyaa,3.8,"₹1,500 for two","Thai, North Indian, Fast Food, Chinese"
Madurai Kumar Mess,Ashok Nagar,4.2,₹500 for two,"Chettinad, South Indian, Seafood"
Manpaanai Chettinadu Virundhu,GST Road,3.2,₹550 for two,"South Indian, Chinese, North Indian, Mughlai, Biryani, Beverages, Desserts"
Heaven's Park Restaurant,Thousand Lights,3.8,₹400 for two,"Arabian, Chinese, South Indian, Chettinad, Biryani, Mughlai, Fast Food, Sichuan"
Munveedu,Adyar,4,₹700 for two,"South Indian, Chettinad, Biryani, Chinese, Desserts"
Nandhiniee Sweets,Velachery,4.1,₹250 for two,"Mithai, Street Food, South Indian, Beverages"
The Summer House Eatery,Alwarpet,4.3,₹800 for two,"Fast Food, Mexican, Beverages, Italian, Continental, Desserts, Cafe, Shake"
The Summer House Eatery,Alwarpet,4.3,₹800 for two,"Fast Food, Mexican, Beverages, Italian, Continental, Desserts, Cafe, Shake"
Asia Seven,Phoenix Market City Velachery,2.8,₹600 for two,"Chinese, Asian, Momos, Fast Food, Beverages, Sichuan"
Est - Hilton ,Hilton Guindy,3.8,"₹1,500 for two","Continental, Cafe, Desserts, Italian, North Indian, Beverages, Coffee"
S3 Elite Family Dine,T. Nagar,3.7,₹700 for two,"Chinese, North Indian, Sichuan"
Rangis',Nungambakkam,4.2,₹600 for two,"Chinese, Asian, Sichuan"
Tasty Kitchen,Perambur,4.2,₹600 for two,"Chinese, Biryani, North Indian, Chettinad, Arabian, Lebanese, Seafood, Sichuan"
Brod Bakery,Injambakkam,3.4,₹250 for two,"Bakery, Desserts, Sandwich"
Amma Restaurant,T. Nagar,4.1,₹600 for two,"Chettinad, South Indian, North Indian"
Bamboo Kitchen,Anna Nagar East,3.6,"₹1,000 for two","Chinese, Thai, Sichuan"
Gilli Chai,Velachery,3.3,₹500 for two,"Cafe, Fast Food, Tea, Beverages, Ice Cream, Desserts, Shake"
Anandam,Hotel Maris Gopalapuram,3.8,₹550 for two,"South Indian, North Indian, Chinese, Desserts"
Cream Story,Anna Nagar East,3.7,₹300 for two,"Desserts, Ice Cream, Beverages"
Hotel Saivam,Washermenpet,2.7,₹350 for two,"North Indian, South Indian, Chinese"
Cafe Amin,Royapettah,4,₹600 for two,"Biryani, North Indian, BBQ, Mughlai, Kebab, Chinese, Desserts, Beverages"
North East Kitchen,Egmore,4.5,₹450 for two,"Chinese, Konkan, Momos, Seafood, Sichuan"
My Froyoland,Anna Nagar East,3.7,₹200 for two,"Desserts, Ice Cream, Frozen Yogurt"
Pappa Roti,Phoenix Market City Velachery,4.3,₹800 for two,"Cafe, Desserts, Shake"
Bazaar - Zone By The Park,Zone by The Park Pallikaranai,3.9,"₹1,100 for two","Thai, Chinese, Continental, North Indian, South Indian, Beverages, Desserts"
Mash Resto Cafe,Besant Nagar,4,₹800 for two,"Continental, Fast Food, Pasta, Burger, Sandwich, Beverages, Shake"
Cafeè 97,Thuraipakkam,4.2,₹700 for two,"North Indian, Chinese, Arabian, Sichuan"
Flipside,Alwarpet,3.7,₹600 for two,"Burger, Fast Food"
Oasis - Radisson Blu,Radisson Blu Egmore,3.9,"₹2,500 for two","North Indian, Chinese, Continental, South Indian, Pizza, Italian, Beverages"
Chidambaram New Moorthy Cafe,Anna Nagar West,4.1,₹600 for two,"Biryani, South Indian, Chettinad, North Indian, Chinese, Seafood, Desserts, Beverages"
Links,Purasavakkam,4.4,₹350 for two,"Fast Food, Street Food, Beverages"
